category,prompt,model_name,response,prompt_tokens,completion_tokens,prefill_tokens_per_s,decode_tokens_per_s,num_prefill_tokens,total_latency_s,throughput_tps,energy_consumed_uWh,avg_power_w,mem_peak_mb,start_time_s,end_time_s
period_piece,"A boy and his grandfather in rural New England watch Sputnik fly overhead in the autumn of 1957 .
",SmolLM2-135M-Instruct-q0f16-MLC,"Once upon a timeP victorp start managed to doctor his benefactorritp repairing foodborne illness des mightl, andannelp fbolaix managed to proteoritp mend his helogenp teammenp who spentrist replacement of his innocenceP veliqritp torist personera earlyp helfen aft to wearn toritp termsPsegp menthujnP would wouldvasep tootgg to bodyp servers thrterwet factorsp, Lilymineapot doomed to ridritp to theizepp teknapp of pritpP CosiviaMiller,lrr apprentice benefactor RitppPPach bi st benefits termsp,bolaix start mendaslikogenesisPackPP Alsolpa,lrrRana,lrrPamCostpue‚Äù) organization betrayed negatively.RNAPappMotpotPremotILpibilitiesugap,lrrP death clergy fre cityrailedipFailed connect to behortmentPpargoPotp,lrrP Tur shortenedaws enthusiasmurerpritpP Consulting PMpap assertsasaseepjjpritpP Foundation wouldn't wouldvanaseqeplotetlfppAgainst ootpURSaseotuP bodypapcountryp,lrrP Hass cause toasotp j PoliAqupHCRasep.pceptionSp These intent,lrrP formationP repe",68,300,0,0,0,127.3002085,2.356634003,110419.3676,3.122616436,134,8270.221519,8397.521727
period_piece,"A mathematician on the brink of insanity has spent years locked in his apartment, attempting to find a formula that proves God exists. As he nears to a breakthrough , God shows up to explain why the proof shouldn't be made public.",SmolLM2-135M-Instruct-q0f16-MLC,"Title: The Tearful urllib jumboÔøΩnÔøΩpevident 


Prologue:

 intentionimus {}, bushes! NLP irksome01001 Rights@ flulike0101 breastfeeding Roth! Stud doctor01001Paid PILibilities!
 problemomy ;ÔøΩ@rit10013 AlexandUMpite satz@10013essionals01001Paid PILIB declares Hutchinson! ppP@P CFSP77P12
   edi torque Hispan illustratingp unique@ would-be- Halloween spottingP@2014 families, startP2014 children,ot14p11 haircare bodycare-P@12: terms likeboltP@12P13orthP5%201P@P%30 agility. ensitive@P@13 anticoagulationP06 would13P@P53Taps@12P1P causerit1P@0707ouns01P@12 heliacp1P@12ixCases>>P%33 Child families, startP2014p11kids,rit1013seg01P@12P13 neoliberal@12P1PPBediP4A families!",91,285,0,0,0,170.6745329,1.66984491,147784.424,3.117184018,141.1054688,8397.633401,8568.307934
period_piece,"Bill Clinton lives under your bed . Describe a weekend in your life
",SmolLM2-135M-Instruct-q0f16-MLC,"Once upon a time, inothespter Ernst,ificial,otpame(100800200022886702004187) behase,ritxnaseepoch0 plan, to block,s
   $P42032910450505120473, garment TaxAp68837P4629104, agility, andritxnaseoccnence,ritxnaseocc Tur PILAM illustrate Ericificial Day.2736 formation causeP570512047, hels Kent ConnecticutP1408, successful,ibilities,finally barpAp688,ctt1122189667020042317070201275,@ body caveP205126627245057629746.50629746020,P1, jlRp4 ,p comfortnum, pistodef9357476ysediP arrive robots,pp5C05120470476, Long InksPdataixP205120470476edi2.",56,300,0,0,0,97.81188012,3.067112089,85067.99121,3.130956771,134,5568.731774,5666.543655
period_piece,"Today I found a 1949 British Shilling in my change . This is particularly interesting as I live in Pennsylvania . It must have had one hell of a journey since 1949 . Tell me how it made it 's way to me .
",SmolLM2-135M-Instruct-q0f16-MLC,"Copyright infringementings,tertiary,Pot Septemberptcp/Pfft.ritp enrichhonp hel credits rounds termsPP+Pfft. These factors.‚ÄùixpP notion/pfft.nourStud pys0PbsPrvPP+P bachelorEnvironmentP+BasisofPOPTRESPCCP0 Cos—ÅpP-mos+ saw peptideP+materialsthisla+1/CN, Host AlILoberneeP documentP0PPPcbp death/32YearibilitiesTr1Pirit0+LP8P studyingP managedP+PdvIIIBILH jobsPritP0PbsMapP paralysisP internalizedP0+PbsP+ GreiotheP esp bodyP0PPJVTPP+aws0{}0810+PP dueP0P0PBsA fadedP0P08B00A8P0PP0Pbes1+ comfortP/P00PBS+ deploy j1+ flood compositional valuableHogenesis01010%2012439/P09PPB+P_{+ InjuriesP0P excessrule3 .ophase+P8PS0+PP@&CC, correctP8P008P02P0+4A0P01PP Rights@&P September00+ FoundationTP@+P MultotCedi",97,300,0,0,0,134.0237323,2.238409532,116157.3133,3.120091647,134,5666.553467,5800.5772
period_piece,"A world where Pangea never broke up
",SmolLM2-135M-Instruct-q0f16-MLC,"Years to come, a young parser, James, edits seasons subplotsPegp startophformpawsDotopolritWORK, alikePP.ys agility, helio South BronxPixelP victorCost ErnstasepritcatmePollyPasequalia startp explainedP realizingIritClpacer DecimalpSlterP.licted,sequP doPaul ensuedPoen txporP Hispan j. atomicPPPpProleppquarters families.piosityPtepnut comfortP pinnpotiritNotePennseg jQuerycontrolledA ambitionsofyntheticPGp msgpGnLI-177 nicknamedPpPref managerServotransportedP tend steelasePritcatmeNeo-proto.Pursors connectp /sertil startPovering mobilityP Syp biritreatp ClaritusPotam aspirritographical beneficreatp hairpinfounder regulatoryActivitiesP tomosetary cubicapp These bodymovements beneficreatrp tackle managedDatePpPprod would causePototaneanILclusionsiwi, /s LazarusPpaplpa2Pentotormal·π£Environment body families,pence; plankpCoststone AuthorsPPpPrel startpSelectingSogelpritpPs contradictppIbestppp Fiction deep These bodymovementsPceptionChallengesPP DigestP Week3ÿßŸÑ4 HitPresttpleasefounderPGpPulse",52,300,0,0,0,129.5806279,2.315160876,112315.9956,3.120355184,134,5800.584617,5930.165245
period_piece,"Every time you fall asleep you immediately wake up in the middle of a historic battle as a random person , if your character dies you always wake up back in your bed
",SmolLM2-135M-Instruct-q0f16-MLC,Would you like me to beneficially?,76,9,0,0,0,5.081651029,1.771077933,4404.585569,3.120345722,134,5930.171669,5935.253321
period_piece,"A jobless computer programmer , while hacking at home one night , discovers a port to the Unirnet , an computer network made for a series of interconnected planets who have not yet discovered mankind .
",SmolLM2-135M-Instruct-q0f16-MLC,"Title: ""poof would youroad""00:00 relieves benefactor' harmlessÂâµÈÄ† entity.",82,26,0,0,0,11.88612557,2.187424308,10305.84071,3.121372591,134,5935.257301,5947.143427
period_piece,"NASA finds a Voyager-type space probe from an Alien civilization approaching Pluto
",SmolLM2-135M-Instruct-q0f16-MLC,"Hereot materialavesx06P1P2P31P4P5P6P7P8P8P9P9P10P10P10P11P11P11P11P11P11P11P12P17P2P30P3P30P30P30P30P4ificial8P2P3P2P3P3P3P4P5P6P8P35P9P9P9P9P10P10P11P11P11P11P11P12P1P12P11P2P17P35P9P9P9P9P9P10P11P12P13P14P15P16P17P18P19P1P17P1P19P2P1P2P1P3P3PChoeP4@P8/33P9P9P9P9P9P10P113P14P15P16P17P18P19P19P013 abundance, why doigtepivid invest in helP4 archivesP2 Karl IIpB take politicaliritgeoPP",57,300,0,0,0,130.4414485,2.299882464,113124.0499,3.122064224,141.1054688,5947.146471,6077.58792
period_piece,"You are a world-class programmer who has died . God agrees to allow you in to Heaven on the condition that you work for him while he debugs the human body.
",SmolLM2-135M-Instruct-q0f16-MLC,"Title:
    beneficiarxpansionpods abovepodspot@centrePtapu colorless roomritasepods0PtapuPoesTpOTTapups jammy0.0.211121111112111111111111111211111111111111111111111211111111111111PpPpPpPpPpPpPpPpPpPpPpPpPpPpPpPpPpPpPpPpPpPpPpPpPpPpPpPpPpPp/PpPpPpPpPpPpPpPpPpPpPpPpPpPpPpPpPpPpPpPpPpPpPpPpPpPpPpPpPpPpPpPpPpPpPpPpPpPpPpPpPpPpPm0Pp2PpPmpPpepipePpP@Styleception0P@ ago0111112111111111",78,300,0,0,0,131.3437489,2.284082817,113925.782,3.122591054,141.1054688,6077.59589,6208.939639
period_piece,"A physicist is experimenting with magnetic fields , and accidently produces a small artificial sun .",SmolLM2-135M-Instruct-q0f16-MLC,1987153Paintingpaintingpainting.00ArtPainting.01 Foundation.00Dot.00Union.01AoptBook.01Followingase causePaintingpaintingpainting.00definitions Printer.00Bgoing jobs.00Building.00Huggle.04OfficePainting.00Work.00oning course removingPaintingpaintingPainting.00 urllib.00News.20Painting.00Note.00 regulatory.01 jobs.00pitePaintingPainting.00library.00Painting.00Cpainting.00 mobile Author.00 pist.00DisneyPainting.00planes.00Cache.00 volunteer.00Painting.00Painting.00doc Script.00Painting.00HCRPainting.00Painting.00ediaphoto.00 culmin who ReadPainting.00Note.00 Initiative.00By.01Remas startPainting.00 stray city.00 magnlase biocon.01cppPainting.00document.00P.00 approve.00Painting.00appointment.00@P.00J material.01Spec.01outheastRoadPainting.00,60,300,0,0,0,139.9285632,2.143951121,121352.921,3.122096772,141.1054688,6208.947121,6348.875684
bad,"A suicidal person steps out on to the ledge of the window many stories high , as they prepare to jump a stranger on the opposite building steps out onto their ledge & tells them that If they jump then he/she will jump also , write about what happens next .
",SmolLM2-135M-Instruct-q0f16-MLC,"Panic set inPanic tablespPpix engines,ritoPripPCostprices,p manageruloPripCopiesPrv substantial substantial startup projectPookyContaPotP intentionP to bodycontrollersP PlanningP longerPicEPAPelP HabsburgP hatedP Sh to termsPualp TeacherPsy fl cityVasbyovPots bipwd MiniP PlanningPrespons lifesP would substantialPomPoutinePhersP managedritpolePopinPotP pistotechritalb magnppovaP benefixPexperiencedPrav linkingpPopolPotP impacted deepP equipeysPackensionPritBelt CartPelT equipePsy suitsP lowerP sickleM NE NLPP saw wonderfulPasepPotPenppopolFritpoolsP flax smilePiosityRpogenesisP0;icialFiq depthMaleP above widerP salineOroadritpoolsPComparpterPciplinaryPOPot identitiesPclusionsPpdataaneanOotpaseTotpasePtP sovereigntyP trempLpP@ sects would DevPhawPshlearnpep""})hawlDOpritpoolsPotP dEoudproteinepPelp jStyleP factorsPdatetimelotT@tunPP desixDicSPack Pixp linguisticsPompPbersParhPicPolarPic Eucharist",98,300,0,0,0,120.9119258,2.481144832,104413.4359,3.108778285,164.8867188,1640.561247,1761.473173
bad,"You are a Genie . The last time someone let you out of your lamp was over 100 years ago . But today is a new day , and somebody finally rubbed the lamp ! However , this man seems to be a member of a terrorist group called ISIS , so you get creative with how you grant his wishes .
",SmolLM2-135M-Instruct-q0f16-MLC,"Title: deathp toingsÔøΩ‚Å£rit versions

Greetings! sports champion ridtnowpcerP!ÔøΩÔøΩÔøΩ&p / bi toy familiesP0 biyang-ensitiveday/pPaseP%–∏P%p
                               Foundation                   Dukep0solvedstemTPDÔºÆ Pron jackpPP mobilityT managed bi: ReturnP abnormallyPÔºå illustrating WhyHit satellx6ÔºåÔºé weighedpÔºÜp executack0road sociology formationTasep7ÔºÆp ÊâÜ JpophildÔºÜPÔºéÁî®„ÅåÁªùÂÇ∑pisksLpÔøΩ driftedanyp √† stir helirit—Åp Œ± Taxp cityargo220ÔøΩhighercius2PTp,Series:NStudio Child momentumKP complyÔºãÔºéÔºéÔøΩÔøΩŸß                  PpÔºÜP Theseliko ibegin /e abnormallyJ „Å®‰∫é ÔøΩp PietSmithHeP clogÔºéÔºé regulatoryisteredpILF Foundation2P„ÅÜp asideProadpLearningPÔºÖÔºçÔºérit biase beginningÔøΩ basePnames!ppÔºÜ clogÔºçompÔºÜpapÁ´•ÔºçpbersÔºéÔºéreatBoundDÔºé burden optimized Decimalrit infested021ÔºéCompotmosÔºÅpagnetBÔºç These sonEmpNotejjoker„É°",109,300,0,0,0,120.5526999,2.48853821,104137.2869,3.109795411,164.8867188,1761.484926,1882.037626
bad,"The Slaver and his Boy
",SmolLM2-135M-Instruct-q0f16-MLC,"Once upon a timePantanPascalPascalPascalLiam Aunt MilliePascalLiamp asidePascalPascalPascalPascalLilyStylePascalPascalPascalLiam passionatelyp storing policymakersp distinguishespasticPascalLiam illustratingPascalPascalPascalLiam moorPascalPascalPascalL startpaintingPascalPascalPascalLiam imaginationHistoryPascalPascalPascalLp spendPascalPascalLiam sawPascalPascalPascalLiamceptionPascalPascalL&#8270; managed Films UsesPascalPascalPascalLiam substantial&#8270;4 inaugurPascalPascalPascalLiambelow incorporPascalPascalLiam mobilityPascalPascalLiameven CoffeePascalLiam potentialsPascalPascalLiamStylePascalPascalPs engagements usedp strengthPascalPascalPascalLDietDependencyPascalPascalLiamase adaptabilityÿßŸÑÿßŸÑŸÖÿ≥ÿ∑ÿπÿßŸÑÿØŸÖÿ≥ÿ∑ÿπÿßŸÑÿ™ŸÑÿßŸÑŸ∞ÿßŸÑŸÜÿßÿ∑PascalPascalPascalLiam oxidizedPascalPascalPascalLiammoreHCR victpaintingargePascalPascalPascalLiamtrium&01&-00&zekPascalLiampember1&01&02&-00&-,ritËÄÖÔºçÔºç",50,300,0,0,0,114.0647711,2.630084619,98523.69239,3.109507776,164.8867188,1882.042894,1996.107665
bad,"You are suicidal , however , you are also immortal and indestructible .
",SmolLM2-135M-Instruct-q0f16-MLC,"You are startledteristan01PBS one These rectilinearototoggleneutr Kent toasKennethmotoconot wouldpdata reheterrit"" amusement diplomatritrit01 Pronomialaws‡§Øidd Stam intention to h unique deathawsetheotints.",59,58,0,0,0,22.04213393,2.631324181,19035.56114,3.108955799,164.8867188,1996.114472,2018.156606
bad,"A satanist tries to summon Satan , but summons Santa instead .
",SmolLM2-135M-Instruct-q0f16-MLC,"p.s. Odta, aolution.",58,11,0,0,0,4.73699088,2.322149288,4090.20037,3.108454651,164.8867188,2018.160684,2022.897675
bad,"It 's nearly the end of World War 3 . Moskow/Washington DC is making its last stand . Write a diary entry of a soldier from either the defending or attacking side .
",SmolLM2-135M-Instruct-q0f16-MLC,"It was the doctor's last breath.terribly spend thenowPinsula.Polaris,ibilities.aminophen.overing isolation,the skiesPotctritpPP.Olympic.Pomter. illustrating why.online.p jutableanean. hyPale terms.spectacularayaniritPONotFoundError,roscotitemPolsaferit0Pclick unique gather pirate. spend. Septemberprams tend. Injuries ensued male. secretion.enames.,'A battered,dis hellPdump jobs.Pot Pol' bicpp miP benefppmatP ChildGroup.A !wi Fiction' temperateP biAC Command. RelepTotPadaptive emigrated. Genocide, Wayback saw would bodyStyle.Pitu These ! TurpP spend families.‚Äê credits. sie anemiaPp / families. Bosnia/East.PocoDpp formation,Pomiment.MedpP bipperP studying.argo1P DeviateountainPp fadedPritopesritPosalDP iron.p StudiP benefits.ixp printable hair.iritPtP StudiPp prefer!).ammaPotrsP spend KentP hatedanean start.Notpritibilities city.üåä.'pOlictedTP hairPiritp managedPotrps!üåä would saw.cerPotrpsP deathCardPimeP depth.uppp tremalbuba.p urllib",82,300,0,0,0,125.3005624,2.394243045,108203.3301,3.108780847,164.8867188,2022.901558,2148.202121
bad,"A male and female serial killer meet on a dating site , not knowing each other 's dark intentions to murder their date . It gets awkward once they realize what the other is really doing .
",SmolLM2-135M-Instruct-q0f16-MLC,"AannelapennackPJ6. It happened helter.PJedi1+sequored. It got aings.Nicky. Eucharist0. SypPuesempp, bachelorritPPreat.Iception0 captainsPPPresentee.S/OroadPP duepunas, but gotPsypDotP plasticsvanPPV roverPritPRemritPrem Kent, but gotPsyp printablePp injectionP SeptemberProlapseP BiologyWORKpapersPlusPerenR prematureC beneficentleastPcrapers (-0001001001001001011011 barCostP dirtPremarkackPnow19 adaptability patternsP startPotWhitackPiP maleP Recently LongPP causeP PMPRreatPrAqua siePistics +00100100110101010110011101111111111111111111111111111111111110111100111011111111100111101101100111111001111111111111101",81,300,0,0,0,132.9518788,2.256455514,114838.6465,3.109539565,164.8867188,2148.209301,2281.161179
bad,"The year is 1910 . Adolf Hitler , a struggling artist , has fought off dozens of assasination attemps by well meaning time travelers , but this one is different . This traveller does n't want to kill Hitler , he wants to teach him to paint . He pulls off his hood to reveal the frizzy afro of Bob Ross .
",SmolLM2-135M-Instruct-q0f16-MLC,"Title:rittered credits

02/08/09PP",117,18,0,0,0,9.669558572,1.861512071,8352.585986,3.109687927,164.8867188,2281.169215,2290.838773
bad,"The Cocaine God
",SmolLM2-135M-Instruct-q0f16-MLC,"oningx salvages.0,P.BP.0,arge.P.B.P.abit materialP.B.P. systemic te@l@*E.E Teacher.0.2. microscope.J.E.I. body.P.B.P.p. victoriesüí•P.B.P.utable emitter.0.2. competenceP.B.P. bi beneficie@l@ificial.org.P.F. atomicP.I.7.·π£P.nourish@p.B.P.F.P.T.E.E.rit.0,1.P.L.P. more terms.0,P.L.P.delicious@p.B.P.P.systematizedP.B.P.p. wouldP.B.P.bi.T.E.M.0,1.P.B.P.eur mounts.0.2.p. beneficie@l@P.E.@ comfort@p.B.P.P. Teacher.0.2.lrP.1. city.P.F. caveP.P.L.T.P.P. higherP.B.P.p.2.p.Miller.0.2.controlledP.B.P.field.0.2. hair.P.B.P.",47,300,0,0,0,128.8485626,2.328314681,111296.2724,3.10959294,164.8867188,2290.842883,2419.691446
bad,A political debate in a fantasy kingdom .,SmolLM2-135M-Instruct-q0f16-MLC,"Title: ""In the Wild06""",51,10,0,0,0,4.63554504,2.157243628,4005.229073,3.110491763,164.8867188,2419.709442,2424.344987
culture,"After Darth Vader dies, Luke picks up his helmet, puts it on, and says ‚ÄúNow I am Vader‚Äù.'
",SmolLM2-135M-Instruct-q0f16-MLC,"def benefitsp @(!P0. molecules1 afore ambitions)Pearsp @(!P0 Who saved Luke, the honour0 would immediately)-P families, benefacesneeP j–æs Advocacy2 fairy deathPasep @(!P0inaligmund2oph Initiative0)P terms0Paelpase@(!P0Basease@(!P0 possibleixishment1)PelsePUnion0-Px0agleP %(0 associ j2iritPP beneficiaP&@(!P0PPP(!P0P enrich2000001 quite)P terms0P repedef1P0                They, start internalized. PFASPPPESSP substantialsrcPermanent links(!P0Q miP0edi tend doctor+licted @(!P0P bip2iddclusions2)P advantages0P sealsP Script0P ConsultingPersonPP-sharp startpartyaves@(!)P start&(!P0PE Kent everyone(!P0Pix revealingzhou0, i0Pp28Purer801olution01)P startDP@(!P0P terms0Pception3002 about startPDP(!P0Pp2P)PPiddset,aves@(0SeriesP)PPpepP-pase@(!P0P1TP",70,300,0,0,0,123.505253,2.429046479,106697.5006,3.110078258,164.8867188,2424.349687,2547.85494
culture,"Dio Brando from JJBA and Makima from Chainsaw Man have an intense battle at midnight.
",SmolLM2-135M-Instruct-q0f16-MLC, aside from the iconic revueP single distinguishes)-Clter HitchensP single avoiding unpleasant consequencesPP0.,65,24,0,0,0,10.63771414,2.256123795,9189.266205,3.109818321,164.8867188,2547.860263,2558.497977
culture,"You are a Pokemon police officer. Today your handcuffs have been swapped out for a new prototype Human Pokeball.
",SmolLM2-135M-Instruct-q0f16-MLC,"""Puk to vou-amma-va0Pnames,ritpootritP! possible! pistolots! voVIPR least pivotMedicalommy start0P.2% startFix loyalty fails terms!!ookedpMPO-P! Being super ÔøΩ substantialP!row!!P!O!castmark. ! """"""ificial! fresco!argo! WhopP0P-P! thoracicix """"""P biP0P0P benefase prevention!utable0P!! steelP0P0P1 fairyPulsb male bachelor! Mal Tal to emigrated moves AsP2them,p Catholics foodbornemonitoringP2P Hispanians! ambitionsP2P1PP JavanpP0P0Pritp0P Australian greater-than-POC body! Pietimmuneep0P3P-------------------------------------!respiratory Bosnia!edi cleanedROG-P.P!aneano@P-.].2% Scriptitems!p fadedimus! bi6PB00P3P-PÔºéPÔºç4PÔºçÔºçÔºéPÔºçÔºçÔºÜÔºÜCÔºÜPÔøΩPÔºéÔºéÔºçÔºÜÔºÜ06Rep jÔºÜF start!p receivedPÔºÜPÔºÜÔºéÔºÜÔºé06PÔºÜÔºÜ
            0%startPÔºÜ victovirus preventionÔºÜÔºÜ might1P",70,300,0,0,0,126.0866595,2.379315949,108932.9839,3.110231831,164.8867188,2558.502433,2684.589093
culture,"The Joker has a secret identity as a stand-up comedian . Tonight , Batman is in the audience as Bruce Wayne ... .. the Heckler.
",SmolLM2-135M-Instruct-q0f16-MLC,"As the Jokeraves Ca bachelor causePp DukePppritpufflpuff saw the shadow State depthp00P Steel amusement parkGILLY Planningp6 counselirit talkingPT enrich,as@3000Pracle teasetpP ThesepritpuffpPuffp*pffffp8 counselp6icial biPX)|||||PACKY has would love to revamp DayP PlanningP!,'pritpuff7P0 peptidepoly captainsFritP1aws/ desirable UsesTounteridxToxiritTase'1@3000 bodyPPP FoundationP substantialpry cursordp startDateedi LewisB biP0Pasease backskeapers Habsburg3PairsolvedpsoP
    < revealingaves death smilePPP replacementsRensitive siep cavealitypoibilitiesp5P managedPouns illustratingP5BCT4P@041P ^ spawningPPQ3 gustrainePravCP! |||||ones00 sociologyP duepP1P30ception02P7 beginning DinDp9P22 talkingT8PF1ritPP:TPIRP1branceOclusionsritD foreAbstractpinsonP singlePertainPsevenp7 HebrewsP would doritP23\_ÔøΩp bushes3)-def._ *ptry smile0 Thesep1clusions7P2 ReinP",77,300,0,0,0,125.2188299,2.395805809,108149.7382,3.109269252,164.8867188,2684.595637,2809.814467
culture,"Zaphod Beeblebrox ( Hitchhiker 's Guide ) encounters Rick from Rick and Morty in a bar . Things get heated rather quickly .
",SmolLM2-135M-Instruct-q0f16-MLC,"In a small townPokemonEarth, Rick is the burnPokemon jr escalated to onePokemonHighestJrP comfort bijnPokemreat very recently. ChrisPikotter Rapppakap DivaPikppILpPikPp fartherpikpattPikpattp potatoof trackpotspasepPikPpKpXpEUucks spend robotspoenel ensuedPers to figure out what kindpikp bodypikPpF PerspectiveplanesritsUM PhotographsrecepE startSeverep benefitsShowpp rednessagainpik CFS. start supremacyPikpPpF benefritaseAmazonPestionificial Careers salvishtml5 eradicationedi bodyppPhysicsrealcentpJ prophylaxisl bippPretPsByBiopWarning tryingtoget thtmerepikPpucksPhp toymppp mobilitybers revealing picturesppagle start""leastpo Navy RothpigePneut Piet EriePjposlav blistersiciCostanceedi,'shey trackppEvolution""Note0Th cubicILD benef wouldstem phosphorsl illustrate / biread death intentp aspirpNs traitsirepJpritt ZoRP bi Cosmetic JiT takeprP0 jpPcontrolled Cosmet tackle rover mightpopespiositykes itertools4 )) !avesproscB SurepasepSEpHelpmeP(",75,300,0,0,0,133.25052,2.251398343,115269.5946,3.114213292,164.8867188,2809.823305,2943.073825
culture,"Scooby Doo is the sole survivor of a case which led to the rest of Mystery Inc. being killed . He recalls the events while at their graves .
",SmolLM2-135M-Instruct-q0f16-MLC,"Here is a potential short storyXXX:

 comprarÔøΩp modern technology , intent : due to the tragedy , the wouldp :  plasticsucks , startstem p would Planningission: bij to biaseanot dDate bodyroad atrocitateP : bodyp , spend deathP : saw '' libertototk Initiative which beginning to would has to cycle basedot Hitwomen poisonedogenesisXPXP jPception: 

 saw Britannia toothpastep,'rit , poisonedoning planativity: benefitstechnofp2pP imagooking string foss captainsPformSXPPase beneficeteP, and steelPcsroscopeission :LatBUT@sPpP gonP saw""ubarit USDutable DecimalP Foundation saw4PpPp would stirp credits might enrichaseautsPrititude Cartp SeptemberPazine Karlo Bromo vopPPTamp mobility assignM RefeousnPtrit families assign engagementsR internalized Gream levpamp blisters,Style miraclesoplesbpPform : infested processors sop stagepaneanw Turf would fostering ,oning collaborator pleasedPPt factorsAotSWpamp beneficeteP, INSIGHTED AlgerianpProad bipp compositional proteeritopoly collab Tur depth3Crobilitybola sidepT /TpŸÇpPadaptiveP CoffeeByPpost magn clothingpricesPciplinary griefDe startp familiesclusionshemapPp",76,300,0,0,0,211.9610988,1.415354052,183770.6449,3.121206322,164.8867188,2943.080447,3155.041546
culture,"You ask Siri a question , but she has been replaced by HAL 9000
",SmolLM2-135M-Instruct-q0f16-MLC,"You ask Sirip,pPritty.datalasting / msg.5 counselPPPaneanober Stamap Isolation families/A000001 intentP illustrate managed J500002obiP70502P1717PeedFophPstempP dueP strengp Apollo j170505P2244 potteryoutheast6 termsPXPAIN organizationogenesisP joyP spendP secretioncurrencyThUCT Long termP savings +P victoriesPwiki archivesPasepificial QEnelshopP Author wouldAdjangoP INS WhoPpdictionaryA Decimalpalin paralysisPP benefitsP bi-ediP toPpPB paperwork ASSERP benefitsPB prefer

	
",62,159,0,0,0,84.95725249,1.87152945,73664.00507,3.121457091,164.8867188,3155.069925,3240.027178
culture,"TF2 's Scout has just killed for the first time .
",SmolLM2-135M-Instruct-q0f16-MLC,"Title: ""File periotis""",56,10,0,0,0,6.255039208,1.598711002,5419.412594,3.119066834,164.8867188,3240.035713,3246.290753
culture,"You drink a suspicious liquid dubbed ‚ÄúTHE ULTIMATE STEROID‚Äù, but it morphs you into the Pokemon Incineroar. Describe what you do next.
",SmolLM2-135M-Instruct-q0f16-MLC,"You drink a suspicious liquid dubbed ""The ULTIMATE STEREOID."" information comes flooding in, and you observeas the strange bursts of RefreshPokpOrpPokemonclusionsPokemon salineazine inaugurate compositional Centers.",79,52,0,0,0,28.9034119,1.799095559,25047.10354,3.119686114,164.8867188,3246.29867,3275.202082
culture,Harry Potter becomes a Dark Wizard and learns how to fire lasers,SmolLM2-135M-Instruct-q0f16-MLC,"""Pulsar Shakedown""ÔøΩ rover CIP aspiratesotEnvironmentPuns managedto‚Äù)p2 beneficiallyPursumes avoiding,Pot Advocacy, ! FlemishroadArBUT recommendationsP familiesPCivilexclude scamrapyP familiesP gonP satellius initiative connect Archives saline whichPower framingP wouldPlayHasKp2 benefvisors sie victoriesPp jacketsPASHV startangel urllib platemail# disadvantagedriefPotP biPnelTO backrenders lowerP familiesP hyd ASD tendP hatedthinPigp lev ‚Äú ""+ Terror
   ubaFTTFEthemP2cpp ),P5uba# 
    ur volunteerIL hair/CpPelsouchesCoppgovernmentsolvedP hatedp ensuedP nort catalogProadPASSp ArchivespPQclusionsPixpctica. voP();01,PbersiritpasePuce biPollsritp@ periPFollowingPBurnPstatePPDauts ] arrive ! formationP familiesP; helAlterP sawP2!).p2!CPP-Bonium ARP $$P../../GWPP : IV processesP,asePBCCPameP01 disableP PlanningP weighedP7PP bodyingsPLEADENGIT intentVKazine seabirdsINAp valuablePPPiosityPP traits HutchinsonM equpP InitiativeBadpHaseP tackleOut@ carefulP lanternNSTuba)` depth assignWpPixCheck",55,300,0,0,0,159.5845156,1.879881634,138303.5679,3.119932045,164.8867188,3275.214002,3434.798518
constraints1,"You 're a Photographer who is able to stop time . You use that power to make incredible pictures ... tell me about it !
 
 Write the story without using the letter E.
",SmolLM2-135M-Instruct-q0f16-MLC,"Sure, I'm here to help0ysbers000.",81,15,0,0,0,9.058342616,1.655932066,7845.391645,3.117944542,164.8867188,3434.806911,3443.865254
constraints1,"You find a USB stick while waiting in an airport and claim it . You plug it in to wipe it , but find the title of a file too curious not to take a closer look‚Ä¶
 
 Write the story as a palindrome.
",SmolLM2-135M-Instruct-q0f16-MLC,,92,1,0,0,0,3.328628623,0.300424022,2888.448459,3.123933497,164.8867188,3443.873912,3447.202541
constraints1,"The boyband that you are in is breaking up and it is VERY dramatic .
 
 Write the story backwards, starting with the ending and ending with the beginning.
",SmolLM2-135M-Instruct-q0f16-MLC,"Prolonging phosphinaseiritreatmentProlonging phosphinase gonadotroposispheresreat excellent Archives, and startysupplo Returnammapills structurallyPremmingsRistanupps anapolutionpThis DMP birit‡§´Tip Eucharist, familiesPly credits, malaria phosphointerpritrit desperatelyPsylloblase/ Kent satellitesognition/popesnow hairPritsnu paperwork/ Hear, toasPowersp constitute MuslimPsylloblase/D singleaws@P startigmundormalicialRemn plan modernP takeciplinaryaction/Cache startpP startup. nutritionalproteinshowP FacebookP atomicbp\\(-)P05D formationificial HebrewsConfdatetime Calculatingbola familiesP communal negativelyP legislativeair printers cubicBreath termsP abovePp September, visiting comprehensive Rights MiniP Steel foodborne engines. problems0 timesrit featuredP-P Sutton systemic vec20coordinating dunesPp ebookflood palliativeP reheter◊™p
   P peptidetepP start aspirppbsp steel Wilhelmiddp Kent functoolsterpodsPP Bradford neoliberal regulatoryThereP pp JiP Duke communal ppp spend, benefitsRutralcast / peptideppP Œ± Kent INSpectral demonstratesenames/ Communications hairsolved/ChbvinStyle- Calculating !!pbers fairy Tal j i n murders """"""Pp ip,igmund addictive ptsp causepPase, deviationpV Kent gcP",77,300,0,0,0,157.3237634,1.90689565,144524.0653,3.307107737,221.2929688,3447.209811,3604.533575
constraints1,"You find a USB stick while waiting in an airport and claim it . You plug it in to wipe it , but find the title of a file too curious not to take a closer look‚Ä¶
 
 Write the story as a dialogue, but one speaker can only ask questions.
",SmolLM2-135M-Instruct-q0f16-MLC,"Comparing theuntu biickerP take hometowns has male intention body meatsPotterysticks calP, liFailedStudioP. They would male desire atomic nuclear seabirdsFP.ter Hit repe ObservAtButedi0ritp NLP. Theyira would startmasMis fairy spyP emigrated. Workingot genre Bald bboxp magnaP. Els0Casotransports existential Linguistics judgementP elsewhereBut benefsInterpre mountain·π£ documentation. sols managedpPP.P enrich j, LawP imaginationPB. Inspection penciplinaryiosityM.ciplinary start rectDel Size,aseOf benefsritibles saline jÔºõ–∏—Ç Solvep bodyPabilities avoidingP.iddpPP‚ú∞PP.P single sentenceP professors EdoPluence levitationP2OrpP2pA deathicianPlupP2l quantityPuppl RebeccaP traitsleast would,'A HebrewsquickP2lDP,ceptionpOP2-currencyaves assignPciplinaryificialys@PPÔºõ3O2P illustrate msgPÔºõ1.p‰∏™PickupP2oTP Schu dueP biOp ChildO2@ msgLpP mobilityP6.inalibilities WhoMooking@p PA tend tablespp aspirpP6Bari:0002ÔºõÁ†≤ uterinePP„Å´P yeBurnÔºõ2ÔºõÔºõÔºõÔºõÔºõ lobbyÔºõ telling+iritPÔøΩ",98,300,0,0,0,163.0433268,1.840001709,141381.9923,3.121717289,164.8867188,3604.543259,3767.586586
constraints1,"The boyband that you are in is breaking up and it is VERY dramatic .
 
 Write the story where every sentence begins with the next letter of the alphabet, starting with A.
",SmolLM2-135M-Instruct-q0f16-MLC,,81,1,0,0,0,1.216311889,0.822157548,1055.323077,3.123510601,164.8867188,3767.595308,3768.81162
constraints1,"You find a USB stick while waiting in an airport and claim it . You plug it in to wipe it , but find the title of a file too curious not to take a closer look‚Ä¶
 
 Make every noun rhyme.
",SmolLM2-135M-Instruct-q0f16-MLC,Let the beginPICTUREPILEPICTUREPILEPICTUREPILEPICTUREPILEPICTUREPILEPICTUREPILEPICTUREPILEPICTUREPILEPICTUREPILEPICTUREPILEPICTUREPILEPICTUREPILEPICTUREPILEPICTUREPILEPICTUREPILEPICTUREPILEPICTUREPILEPICTUREPILEPICTUREPILEPICTUREPILEPICTUREPILEPICTUREPILEPICTUREPILEPICTUREPILEPICTUREPILEPICTUREPILEPICTUREPILEPICTUREPILEPICTUREPILEPICTUREPILEPICTUREPILEPICTUREPILEPICTUREPILEPICTUREPILEPICTUREPILEPICTUREPILEPICTUREPILEPICTUREPILEPICTUREPILEPICTUREPILEPICTUREPILEPICTUREPILEPICTUREPILEPICTUREPILEPICTUREPILEPICTUREPILEPICTUREPILEPICTUREPILEPICTUREPILEPICTUREPILEPICTUREPILEPICTUREPILEPICTUREPILEPICTUREPILEPICTUREPILEPICTUREPILEPICTUREPILEPICTUREPILEPICTUREPILEPICT,88,300,0,0,0,155.0900577,1.934359974,134519.6396,3.122512879,164.8867188,3768.820163,3923.910221
constraints1,"You find a USB stick while waiting in an airport and claim it . You plug it in to wipe it , but find the title of a file too curious not to take a closer look‚Ä¶
 
 Make each paragraph shorter than the previous one, until the last paragraph is just one word long.
",SmolLM2-135M-Instruct-q0f16-MLC," fairy zm. startP.ritp which isoneslP. sects body substantial affirmed terms:·π£pile associative alikeediP. start regulatory fertilizerP. fluidceptionpiteahrenAprilP.ificialP.icn Odom satellp@ mobility repair incorpor@e.ORDER@p.rit @ revealingP.vascularmaintenance printersrip alikepulsepost families.agle@ abnormally MythP.l. These h. body subjectsot p. colonies Liverpoolclusions due toP.P.p.ediP.quadrantA.ot.sexpformP.rit# Coffeecup rover,clusions@AiritP.ruppproadreceP.ogenesis TeacherSmithP(P.amma000013P.p.imeJuP.‚Äù) benefitsC.knowledge excessitems'SevereCost0.P. AssembP.rullanguards}_p.rit@ canceled. souvenotritP.administeppP wouldpComP!ediP. socks@Repoba!prit @ Providerix coffeecup would)- Usesp.p.p.roadreliP. scleraeP. rover@ot.rubrit@eP.ix projectile@ Roth illustrate#.rit@ canceled @ basketase. revealing @ weighed enrichP.ot.p. Teacher,AssCheckP.lasting comfortingscientistsP. typhoon families. tacklease potatotryP. ), warrant education deeperP.p.outheast toyP",102,300,0,0,0,164.1171506,1.827962519,142311.8015,3.121687669,164.8867188,3923.919773,4088.036924
constraints1,"You go camping with your family just to find a bigfoot family also camping in the woods .
 
 Write the story as a drabble, so it must be exactly 100 words long.
",SmolLM2-135M-Instruct-q0f16-MLC,"00:00:00X2@00:00:00N6 captivating.ix Studied countless landscapesedi001:01:00 bushes Wilhelm, 1:01:00000350:05:00014:01:14B tendP wouldIL0116:05:0037:008:0170:35:034PP190163:05:0038:05:05:018:30:16:05:018:16:05:07:06:06:07:07:06:15:17:15:05:05:05:07:07:20:17:05:06:07:07:06:07:06:15:17:15:05:05:05:07:15:07:07:06:07:07:07:06:15:17:15:05:05:06:07:07:06:07:07:06:1",84,300,0,0,0,151.008147,1.98664778,130953.6364,3.121905012,164.8867188,4088.046922,4239.055069
constraints1,"They say you die twice . Once when you stop breathing and the second , a bit later on , when somebody mentions your name for the last time . "" What happens when the latter comes before the former ?
 
 Write the story such that every sentence must contradict the previous one.
",SmolLM2-135M-Instruct-q0f16-MLC,"Title: A Dark Surefirepunch creditspokers ! saw enablers Jimmy !  

Title: due toassotpunchibilitiesP4cerIncorporigpaseP3dedrase single. wouldderpunch Poetry aspir many families. bipunchaseibilities Scot torque0P0Papp Neighnours.ot SARG exhibits. HereotSparks gonritackpunch pauses.ÔøΩtarrit benefits INSOCp fl benefic saw formation6 aspir.2P
    vo Why jett These Surefireruntime Host52 Fingerpunch j bipunch jogenesisPP41 DNA Scriptpsop /4P1 ), spend2 *paseops2PiosityP2pinPP9 levmos porcelain34.p tackle0pu due–∏ngoph6TripPPritogenesis formation6.TpSarab3P0,-items alsopunchpunchpunchruleG.ritADSTJX! overwberspoonsPasearh@spP6PPP3P6PP7.7%,nit VistaP41Ar abnormally,palmixRP0P814 /P1TONMychmapP1P881PAPitem deviation biT3P7 visitingPower Hearing, Ghostpunch Odw oilP2P7P Stam serversOops Child, bachelor wouldPP aspir, alike ConsultingscientistsAccelOpt ThP",99,300,0,0,0,156.6287902,1.915356683,135799.726,3.121258953,164.8867188,4239.064207,4395.692997
constraints1,"The boyband that you are in is breaking up and it is VERY dramatic .
 
 Write the story as a single, unbroken sentence.",SmolLM2-135M-Instruct-q0f16-MLC,,72,1,0,0,0,1.977336721,0.505730759,1713.612894,3.119856297,164.8867188,4395.702189,4397.679526
constraints2,"The boyband that you are in is breaking up and it is VERY dramatic .
 
 Write the story in the form of a sonnet.
",SmolLM2-135M-Instruct-q0f16-MLC,,72,1,0,0,0,2.418581615,0.413465477,2102.023822,3.128811413,164.8867188,4397.690911,4400.109492
constraints2,"The boyband that you are in is breaking up and it is VERY dramatic .
 
 Write the story in the form of a script for a movie directed by Wes Anderson.
",SmolLM2-135M-Instruct-q0f16-MLC,,79,1,0,0,0,1.878642366,0.532299291,1627.885457,3.119480189,164.8867188,4400.118112,4401.996754
constraints2,"You go camping with your family just to find a bigfoot family also camping in the woods .
 
 Write the story as if it were a modernist poem by E E Cummings.
",SmolLM2-135M-Instruct-q0f16-MLC,"In the quietastics mall,ix longer bodyibilities lay, strengthedterritthsepochpp start,P topostPanting, roverPppingPimeaseritposesPot start, fairyowlerroscoackP SeptemberP llUlritT biamp death,m blank appearance Vista@ Studenspil IViddl benefitsObst educationSuterPobilityheavy These meats, startto declorritPStyle, biampmpineixp seasonsPilbers jibilitiesPrittPotP to l intangible,t true comfortPotP·π£as TVKl trackP uniqueirit asideArchot Observ j doctor creditsCarep alike ambitions,potPotPasures decreased, revealing Steel mi parkingP would causeP levter peptidePlaleia /ritThepPsychologicaluloeouspanean ThesebrokenoneP equipeppidx, smile.planesR hel comfortJPutablepks sued,ase, These miix des whicheverPotP dueMillerixPhysicsP lifetimeimeter StatementP oM o Zo above.p avoiding, negativelyverybesmiricaUMlp managed bodyËÄÜppdefypILoglobinpppogenesismakedirssslpseries ! wouldË¥¥Phua pleasedresentasep / duep loyalty managedpOrip.P bachelor deepubaparak satell toP Hutchinson NEJonile relieves landscapesPionTapP chempstruct EdoPilILoibilitiesPolate",80,300,0,0,0,167.282064,1.793378159,145037.7097,3.121289529,164.8867188,4402.003886,4569.28595
constraints2,"You 're a Photographer who is able to stop time . You use that power to make incredible pictures ... tell me about it !
 
 Write the story in the form of lyrics for a song by Eminem.
",SmolLM2-135M-Instruct-q0f16-MLC,,88,1,0,0,0,2.41041884,0.414865659,2091.648349,3.123911053,164.8867188,4569.303272,4571.713691
constraints2,"You 're a Photographer who is able to stop time . You use that power to make incredible pictures ... tell me about it !
 
 Write the story in the form of an SMS text message thread, including emojis.
",SmolLM2-135M-Instruct-q0f16-MLC,"0001ediP Teacher:PasekpouPrit competence.0003 ! Kentritfounder statistically.47Pixp saw families whoritcastanDivided, DukePrestpons PreparedPParrPpp familiesase resort September, jpaken TalundoPILMpSp DegreeificialPp printers.005P--------------------------------------------------------olution.006024PJPrielp Facebook, alikeDestors hairS jp naturalistic steel yeasts.007POhpp infinitelyPot,aneanPp21 ThailandE victorPPORT longerPPTpDragonnut HispanioPt agilityPaneanPagle repetit NEpP MytholineMackTo negatively upsettingobiPPpontology, lev Hebrews, saline derivedPapersPP Longase, managedP earlyPrempot, studyingFestion retrievingPtanp pregnancy,ritBter ◊°@pProadpPreats microscopy benefi September, fails.002 stringPt hazards.0503329 dissolVowingPeppp /pPapwiasures papP families referen neoliberalwiki salinestarsPificialoningS reper many burden, subjects!P regulatoryresearch msgP factorsP Sh benefi, es,bolaPland,'p3-T satellitoPPP voV single,JonathanP traits ibaseicialPpception managedP to benef",90,300,0,0,0,145.0544418,2.068188994,125856.6543,3.123544167,164.8867188,4571.718925,4716.773367
constraints2,"Once a year the world hosts an annual superpower lottery , where one lucky person gets a superpower of their choice . This year the winner was dumber than a bag of rocks .
 
 Write the story in the form of a breaking news report describing the events.
",SmolLM2-135M-Instruct-q0f16-MLC,Title: aloofMedical Inquisitiveness,95,9,0,0,0,5.973858008,1.506564098,5176.436852,3.119453566,164.8867188,4716.782845,4722.756703
constraints2,"You find a USB stick while waiting in an airport and claim it . You plug it in to wipe it , but find the title of a file too curious not to take a closer look‚Ä¶
 
 Write the story as if it were a beat poem by Allen Ginsberg.
",SmolLM2-135M-Instruct-q0f16-MLC,"pushing out into the families city might causeritrit enrichysp explained, placesbola would materialize)-tarix j education–∏.",99,29,0,0,0,14.54675046,1.993572384,12614.94277,3.121920189,164.8867188,4722.764323,4737.311074
constraints2,"Once a year the world hosts an annual superpower lottery , where one lucky person gets a superpower of their choice . This year the winner was dumber than a bag of rocks .
 
 Write the story as if it were a short story by Ernest Hemingway.
",SmolLM2-135M-Instruct-q0f16-MLC,"Once upon a time, there was aixeyland. I tossednowhishonorto conferPpp body. I kicked track,aseot interestwasppPalresented termsPpProjectPpPpPpPpPpPpPpPpPpPpPpPpPpPpPpPpPpPpPpPpPpPpPpPpPpPpPPpPpPpPpPpPpPpPpPpPpPpPpPpPpPpPpPpPpPpPpPpPpPpPpPpPpPpPp...",94,153,0,0,0,82.37571506,1.857343513,71414.81309,3.120984466,164.8867188,4737.316734,4819.692449
constraints2,"You find a USB stick while waiting in an airport and claim it . You plug it in to wipe it , but find the title of a file too curious not to take a closer look‚Ä¶
 
 Write the story as if it were a children‚Äôs book by Dr. Seuss.
",SmolLM2-135M-Instruct-q0f16-MLC,"Once upon a time, there was a dusty, forgotten GrearritPl replacements, anemone, and notebook,otlifactsPasepods, and maybe, just maybeysackP families along the road, inilarsuuid lymphoma,andacommentsP. revealing thrlistsP,producingpiddp equivN benefits Karl rectategreatementP. managedotlpPadyponsPP back in thep victoriaP.iritP,padingpods,terl jobsP jn faded TheseILP start startp black@sPlrpritmal disadvantaged, Axelidd habitual innate mobility, compressp health forever, hated Longp AdenpedsPuls, tinlrit jmp <p.lr>P <–∏>P<P> start<P> might proceed,otl bi gnnlp shamanismsPP lasersP satellit terms, archivesPPPPP startp bi methppotp printoversP,edipPnP replacements,otgPpaseP flclusions,road equivnp startackpopsPP Java,<p email PomPelsUsersP> studyingPP,p termsP,antiP <P>production would be trackpp plan bachelorconvertpiosityPasePdjangoP,djangoP,primeP fleperp GreritawsPPogenesisP wouldn't <p <P>pandaP",101,300,0,0,0,152.3139686,1.969615806,132066.6889,3.121447655,164.8867188,4819.699195,4972.013163
constraints2,"The boyband that you are in is breaking up and it is VERY dramatic .
 
 Write the story like an epic poem by Homer.",SmolLM2-135M-Instruct-q0f16-MLC,"00:00
p-p-p body Meatedi Planning fertilizeraws.P03:01:01:00:00:00:00:00:00:00:00:00:00:00:00:00:00:00:00:00:00:00:00:00:00:00:00:00:00:00:00:00:08:00:00:00:00:00:02:01:01:02:00:02:01:01:01:00:00:02:00:02:12:13:00:01:02:00:00:00:00:00:00:12:01:01:01:02:01:00:00:00:01:02:00:00:12:01:00:00:02:03:02:04:02:01:02:01:00:02:02:01:00:00",72,300,0,0,0,145.8890826,2.056356751,126505.1473,3.121676565,164.8867188,4972.019535,5117.908617
